Wall time,Step,Reward,Episode_Length
1699416778,12288,-62.98384476,65.51000214
1699416910,32768,-61.27258682,65.48999786
1699416946,38912,-61.46847916,65.11000061
1699417027,51200,-58.86270905,65.02999878
1699417193,75776,-56.1006546,65.70999908
1699417246,83968,-53.96493912,65.37000275
1699417271,88064,-53.56188583,65.23000336
1699417299,92160,-52.6906662,65.40000153
1699417312,94208,-52.69165039,65.45999908
1699417338,98304,-51.81562424,65.33000183
1699417420,110592,-47.72489929,65.87000275
1699417433,112640,-47.63121414,65.90000153
1699417445,114688,-46.89825821,66.02999878
1699417459,116736,-47.06257629,65.90000153
1699417586,135168,-42.42939758,68.62999725
1699417662,147456,-36.85153198,70.51999664
1699417675,149504,-37.17682648,70.88999939
1699417694,151552,-37.57086945,71.84999847
1699417706,153600,-37.35441589,72.18000031
1699417780,163840,-35.44485474,73.58000183
1699417883,180224,-31.81418419,77.18000031
1699417983,194560,-29.9991436,79.02999878
1699418089,210944,-20.15224075,82.80999756
1699418127,217088,-18.26039124,84.77999878
1699418141,219136,-18.9305954,84.54000092
1699418238,233472,-16.52841377,85.41000366
1699418314,243712,-6.883862495,87.48999786
1699418427,260096,-0.546471953,92.44000244
1699418465,266240,-2.97488308,94.88999939
1699418477,268288,-4.699502468,95.20999908
1699418596,286720,1.417915463,107.0999985
1699418627,290816,13.37967777,112.7300034
1699418640,292864,14.47755909,117.0299988
1699418742,309248,19.94633865,148.6399994
1699418812,319488,12.37059689,168.8399963
1699418840,323584,14.50840664,179.1300049
1699418853,325632,7.885404587,177.8699951
1699418911,333824,22.57763672,192.1499939
1699418989,344064,2.573436499,189.75
1699419001,346112,5.692612171,186.5399933
1699419041,352256,-0.918120921,179.1100006
1699419124,364544,9.117930412,184.4600067
1699419137,366592,8.497876167,181.9199982
1699419164,370688,2.797838926,179.25
1699419201,376832,3.762019396,174.8600006
1699419234,380928,2.533611774,178.2599945
1699419247,382976,1.397535801,182.25
1699419271,387072,5.001795769,185.5200043
1699419297,391168,10.11286068,192.2299957
1699419309,393216,8.746631622,195.9900055
1699419406,407552,23.81129456,197.3300018
1699419516,423936,5.191314697,197.7899933
1699419528,425984,3.081079721,193.3200073
1699419541,428032,-1.922440886,191.7400055
1699419592,436224,15.8205328,200.0700073
1699419695,458752,8.95361042,188.9600067
1699419770,471040,-7.417154789,176.5099945
1699419805,477184,5.689679623,180.6000061
1699419834,481280,8.411347389,177.3600006
1699419869,487424,19.24407959,183.5399933
1699420024,512000,0.765230536,191.8600006
1699420098,524288,7.700543404,192.8999939
1699420154,534528,13.62999249,195.9499969
1699420165,536576,14.64795876,192.0599976
1699420196,540672,22.18929863,195.5599976
1699420243,548864,15.53467083,187.4700012
1699420292,557056,11.99462318,176.1699982
1699420322,561152,22.00675964,175.8500061
1699420383,571392,16.24885368,177.5700073
1699420563,600064,28.02731705,171.6100006
1699420624,610304,21.01927757,172.5500031
1699420636,612352,29.81171608,173.5500031
1699420686,620544,28.94072151,173.6799927
1699420698,622592,35.9727211,174.0599976
1699420746,630784,18.71855545,171.4199982
1699420759,632832,16.42343903,169.5399933
1699420783,636928,26.17358017,170.2100067
1699420822,643072,20.40884018,167.0399933
1699420884,653312,28.11161804,162.2700043
1699420896,655360,31.65491486,163.7899933
1699420969,667648,36.03637695,176.1300049
1699420981,669696,33.95827484,176.2299957
1699421000,671744,33.88958359,176.4299927
1699421036,677888,40.29551315,178.7899933
1699421148,696320,31.9191761,173.4299927
1699421250,712704,35.34331512,155.2700043
1699421417,739328,27.2279911,178.3000031
1699421456,745472,42.09202957,174.8699951
1699421483,753664,41.492836,173.7100067
1699421558,765952,51.52168655,181.6100006
1699421607,774144,60.58700943,186.2799988
1699421636,778240,59.66996384,189.3300018
1699421724,792576,40.43847656,192.4900055
1699421790,802816,39.3990097,201.8000031
1699421803,804864,37.00362015,204.0500031
1699422020,837632,18.68570328,214.7200012
1699422115,851968,23.98874283,199.2599945
1699422189,864256,42.58811951,222.3899994
1699422201,866304,45.99892807,227.25
1699422229,870400,44.74762726,229.8000031
1699422302,882688,41.38114929,222.0700073
1699422416,901120,45.03063583,228.5500031
1699422441,905216,43.86852264,228.8999939
1699422453,907264,43.45107269,230.0899963
1699422496,913408,54.542099,233.9600067
1699422569,925696,32.74891281,235.2200012
1699422684,944128,67.63857269,251.75
1699422727,950272,91.79237366,262.2900085
1699422739,952320,73.30250549,255.3300018
1699422851,970752,59.69701004,257.3399963
1699422863,972800,62.25809097,257.769989
1699423047,1001472,74.13482666,263.9299927
1699423058,1003520,76.70824432,264.1799927
1699423082,1007616,64.7494812,252.5399933
1699423111,1011712,73.7686615,253.3500061
1699423295,1040384,77.27249146,243.3699951
1699423356,1050624,89.29986572,250.3600006
1699423379,1054720,77.00930786,242.7200012
1699423419,1060864,72.66065216,237.6300049
1699423517,1077248,66.90433502,246.3800049
1699423594,1089536,88.61219025,258.0100098
1699423620,1093632,78.26952362,255.3500061
1699423655,1099776,76.36517334,256.6199951
1699423736,1112064,55.89962006,253.0500031
1699423798,1122304,78.77043152,259.1000061
1699423810,1124352,70.87690735,251.1799927
1699423923,1142784,71.52494049,235.4799957
1699423946,1146880,69.0247879,234.8699951
1699423994,1155072,75.52204895,236.4299927
1699424006,1157120,75.79656982,236.3200073
1699424073,1167360,75.68480682,240.3300018
1699424122,1175552,80.7703476,237.5299988
1699424141,1177600,79.99071503,239.0099945
1699424206,1187840,71.98693085,239.2599945
1699424233,1191936,80.64920044,249.2899933
1699424245,1193984,82.2131958,247.1799927
1699424268,1198080,78.4905014,248.7100067
1699424294,1202176,74.74263,246.9400024
1699424305,1204224,79.67539215,247.2799988
1699424366,1214464,85.2127533,258.5400085
1699424378,1216512,83.77076721,256.2200012
1699424466,1230848,73.36857605,251.3699951
1699424490,1234944,73.88648987,243.5500031
1699424568,1247232,92.86452484,247.8999939
1699424595,1251328,92.98880768,246.9100037
1699424657,1261568,92.12401581,246.6100006
1699424722,1271808,81.23020172,236.1900024
1699424746,1275904,98.0063858,240.5200043
1699424897,1300480,122.9607468,271.8699951
1699424984,1314816,111.103775,272.0599976
1699424995,1316864,102.7706985,267.2799988
1699425020,1320960,111.4225235,264.5100098
1699425032,1323008,115.9423523,266.2999878
1699425044,1325056,104.7739868,265.1600037
1699425056,1327104,87.18251801,261.7900085
1699425085,1331200,99.27687073,269.2799988
1699425121,1337344,107.6502914,253.1900024
1699425171,1345536,109.3386536,259.9200134
1699425236,1355776,122.1791687,260.75
1699425274,1361920,106.2109985,256.0799866
1699425323,1370112,94.49259949,254.7200012
1699425359,1376256,73.19376373,245.5200043
1699425371,1378304,77.45592499,247.6900024
1699425397,1382400,91.40714264,255.5200043
1699425409,1384448,95.00468445,258.9100037
1699425448,1390592,96.86437988,261.2200012
1699425460,1392640,103.1565018,263.0499878
1699425500,1398784,121.8418121,271.7999878
1699425514,1400832,133.4354095,272.6099854
1699425578,1411072,126.515564,278.2999878
1699425596,1413120,126.3491287,281.2999878
1699425683,1427456,104.0998993,275.8699951
1699425723,1433600,98.20093536,270.5299988
1699425772,1441792,109.826561,276.8800049
1699425808,1447936,118.8713608,276.8999939
1699425840,1452032,135.4023132,282.5100098
1699425864,1456128,132.7823334,281.1199951
1699425913,1464320,149.9619446,296.980011
1699425964,1472512,135.4447479,287.8500061
1699425999,1478656,143.561676,297.1600037
1699426013,1480704,152.4895935,306.9700012
1699426025,1482752,166.7876434,310.5299988
1699426037,1484800,167.4693756,313.9100037
1699426113,1497088,177.7889404,316.7099915
1699426196,1509376,169.598938,311.3500061
1699426224,1513472,161.9826202,298.7999878
1699426235,1515520,154.513855,290.9899902
1699426287,1523712,144.0638733,289.980011
1699426330,1529856,150.1277161,291.6700134
1699426344,1531904,150.4127808,295.2099915
1699426380,1538048,157.1683197,298.7200012
1699426394,1540096,164.9456329,296.3099976
1699426406,1542144,175.6573181,303
1699426436,1546240,170.9476929,308.9200134
1699426462,1550336,192.6583862,311.6799927
1699426572,1568768,169.5396729,306.25
1699426587,1570816,180.8406372,317.1499939
1699426623,1576960,173.8790131,317.3299866
1699426635,1579008,172.4652252,316.769989
1699426653,1581056,168.1120605,318.1199951
1699426677,1585152,167.755722,321.8200073
1699426689,1587200,184.2872925,328.3200073
1699426762,1599488,218.244812,345.3800049
1699426816,1607680,204.5858765,331.5100098
1699426828,1609728,217.495163,333.4400024
1699426855,1613824,222.2479095,337.7900085
1699426878,1617920,220.5175323,338.1099854
1699426922,1624064,205.6333771,328.3500061
1699426934,1626112,199.9137878,325.0100098
1699426945,1628160,201.2770233,329
1699426958,1630208,192.525177,327.3299866
1699426995,1636352,176.0887604,324.7399902
1699427045,1644544,177.323349,326.5499878
1699427082,1650688,154.8200989,318.8299866
1699427106,1654784,165.6161346,324.1000061
1699427118,1656832,156.9270782,320.230011
1699427130,1658880,152.6017303,315.3900146
1699427208,1671168,156.0928345,316.2799988
1699427219,1673216,157.7891541,316.269989
1699427243,1677312,163.7377777,315.1300049
1699427284,1683456,154.1268158,308.9100037
1699427333,1691648,155.9147186,315.1199951
1699427368,1697792,147.1068878,323.7600098
1699427410,1703936,135.5902557,311.730011
1699427421,1705984,136.9317017,315.0499878
1699427470,1714176,164.7028503,328.75
1699427494,1718272,150.3630676,327.3900146
1699427556,1728512,188.4768524,328
1699427594,1734656,195.8444519,345.4100037
1699427867,1777664,238.2546387,351.6600037
1699427895,1781760,241.1241455,349.4200134
1699427907,1783808,226.1751251,343
1699427959,1792000,218.7976074,333.2399902
1699427983,1796096,211.8607788,330.6000061
1699428033,1804288,210.8660278,329.3399963
1699428057,1808384,201.1809845,323.0400085
1699428084,1812480,193.9766083,325.0400085
1699428119,1818624,214.0610657,331.1900024
1699428157,1824768,197.277298,328.3500061
1699428235,1837056,178.0870361,320.8900146
1699428286,1845248,190.7666168,324.8999939
1699428376,1859584,258.8156433,356.7600098
1699428390,1861632,260.3631897,357.2200012
1699428394,1863680,259.3146362,358.8900146
1699428398,1865728,252.9952698,351.9299927
1699428427,1875968,287.690094,373.6799927
1699428453,1880064,266.7343445,368.9700012
1699428490,1886208,212.6455078,356.1000061
1699428502,1888256,193.7206726,351.6199951
1699428507,1890304,209.8592072,356.5499878
1699428511,1892352,213.7567596,360.5499878
1699428552,1908736,234.7282104,364.2799988
1699428557,1910784,243.1611938,366.3699951
1699428569,1916928,265.7060242,371.6600037
1699428599,1931264,294.6971436,376.5
1699428612,1937408,295.4699097,380.730011
1699428647,1953792,249.9244232,367.6300049
1699428651,1955840,252.7063751,370.8500061
1699428659,1959936,241.8612518,367.9500122
1699428663,1961984,252.8161011,369.980011
1699428667,1964032,244.4503937,367.8299866
1699428680,1970176,239.8499603,366.6300049
1699428684,1972224,235.2828827,361.9500122
1699428701,1980416,243.6138153,355.6400146
1699428722,1990656,248.5871735,348.7999878
1699428726,1992704,245.4589691,347.5299988
1699428743,2000896,262.4771729,348.6700134
1699428747,2002944,269.9649658,344.6700134
1699428751,2004992,272.1904907,347.5499878
1699428755,2007040,282.1232605,349.6099854
1699428768,2013184,295.6384583,362.7399902
1699428772,2015232,303.8302307,366.7200012
1699428776,2017280,289.8681335,365.8900146
1699428789,2023424,321.6276855,383.2099915
1699428793,2025472,322.71875,381.7600098
1699428827,2041856,329.4294128,397.4700012
1699428844,2050048,334.7586365,393.9599915
1699428853,2054144,343.602356,393.3800049
1699428861,2058240,349.7271423,390.9500122
1699428866,2060288,357.0231628,389.7600098
1699428878,2066432,364.5090637,385.9899902
1699428896,2074624,387.5761108,394.230011
1699428900,2076672,371.8942261,390.1400146
1699428904,2078720,381.0883484,391.7000122
1699428917,2084864,355.4019165,388.5599976
1699428952,2101248,323.5872192,383.5499878
1699428960,2105344,334.7800293,386.8399963
1699428977,2113536,303.7265015,377.7999878
1699428981,2115584,313.1189575,376.4599915
1699428994,2121728,320.4378662,375.8299866
1699429002,2125824,315.3401794,373.9899902
1699429010,2129920,283.39328,361.0299988
1699429032,2140160,338.9831543,377.2200012
1699429079,2162688,366.1996155,401.0100098
1699429088,2166784,363.5844116,398.1099854
1699429113,2179072,356.4875183,395.4700012
1699429118,2181120,350.3381653,396.269989
1699429126,2185216,308.1392822,384.5899963
1699429134,2189312,280.0525818,370.6600037
1699429152,2197504,247.2151337,360.519989
1699429169,2205696,236.961319,355.3500061
1699429177,2209792,231.0298615,350.4700012
1699429199,2220032,264.1542358,348.8500061
1699429203,2222080,274.4073181,354.3699951
1699429207,2224128,285.9909363,357.519989
1699429242,2240512,309.3896179,371.980011
1699429267,2252800,308.344696,380.8299866
1699429284,2260992,328.3332825,388.6600037
1699429288,2263040,317.3287964,389.3500061
1699429293,2265088,317.8273315,387.7900085
1699429331,2283520,335.9958801,386.4700012
1699429339,2287616,347.0305481,395.4400024
1699429352,2293760,340.4677429,395.7099915
1699429378,2306048,305.8155212,373.7600098
1699429382,2308096,296.4787598,369.5899963
1699429412,2322432,291.0511475,365.9700012
1699429421,2326528,280.5358276,357.2200012
1699429480,2355200,313.8155518,380.9400024
1699429506,2367488,327.1193848,393.3399963
1699429510,2369536,315.7984009,388.1600037
1699429515,2371584,316.1159668,389.7399902
1699429527,2377728,298.4584351,381.8299866
1699429531,2379776,305.2713928,381.1099854
1699429536,2381824,307.2272644,382.7399902
1699429613,2418688,337.9378357,381.269989
1699429626,2424832,347.5012207,384.4500122
1699429634,2428928,321.1078491,373.7399902
1699429665,2443264,332.0843201,372.8399963
1699429669,2445312,336.4563904,373.6199951
1699429686,2453504,336.3574829,381.0499878
1699429694,2457600,331.7746582,379.769989
1699429703,2461696,311.808197,381.0700073
1699429724,2471936,288.8912659,379.9899902
1699429732,2476032,313.3695068,383.4200134
1699429741,2480128,299.3085022,380.9400024
1699429758,2488320,282.5043945,371.8900146
1699429800,2508800,342.9626465,376.8399963
1699429818,2516992,354.3945007,378.1700134
1699429835,2525184,333.4175415,385.2099915
1699429839,2527232,335.5403442,389.9700012
1699429843,2529280,347.9429321,393.7600098
1699429852,2533376,345.7147827,396.9100037
1699429865,2539520,339.1385498,396.3500061
1699429878,2545664,320.0509644,393.1099854
1699429886,2549760,316.5777893,388.2600098
1699429899,2555904,282.0106812,368.6199951
1699429924,2568192,322.2921143,365.3399963
1699429933,2572288,323.3510742,367.4200134
1699429941,2576384,304.5697327,363.0400085
1699429946,2578432,308.2094116,363.9500122
1699429959,2584576,282.5303955,354.7799988
1699429967,2588672,296.1875916,356.1400146
1699429980,2594816,295.5410156,362.2200012
1699430014,2611200,315.2049866,369.3500061
1699430036,2621440,375.7774963,394.5599976
1699430044,2625536,398.0402222,404.4200134
1699430069,2637824,443.7430725,422.6400146
1699430087,2646016,426.8453369,418.2200012
1699430091,2648064,438.9352722,423.0899963
1699430095,2650112,440.7516479,425.8999939
1699430100,2652160,432.4972229,425.1900024
1699430125,2664448,348.2997437,396.7200012
1699430138,2670592,330.7677612,390
1699430168,2684928,377.7755127,401.8500061
1699430176,2689024,363.0812378,399.3399963
1699430189,2695168,413.5236511,411.8800049
1699430193,2697216,417.2977295,411.3500061
1699430206,2703360,430.1272583,414.0599976
1699430232,2715648,467.9963684,425.5899963
1699430240,2719744,457.5797119,420.5299988
1699430253,2725888,439.3765564,413.3200073
1699430266,2732032,434.8159485,412.7399902
1699430270,2734080,429.2680969,411.1900024
1699430275,2736128,413.1100769,410.5100098
1699430279,2738176,422.0839844,410.3900146
1699430284,2740224,443.6983032,416.4200134
1699430309,2752512,420.605072,416.0599976
1699430360,2777088,443.094696,421.7200012
1699430386,2789376,507.6356506,442.3099976
1699430407,2799616,499.3343811,435.7900085
1699430424,2807808,507.6845093,432.8500061
1699430454,2822144,507.0440063,445.0799866
1699430463,2826240,482.6125488,431.0599976
1699430484,2836480,406.4617004,411.1300049
1699430488,2838528,419.2416077,414
1699430501,2844672,417.7436829,413.9200134
1699430505,2846720,431.9699402,417.6300049
1699430514,2850816,444.9532776,425.9700012
1699430518,2852864,459.1092834,426.5299988
1699430531,2859008,464.1096802,422.0799866
1699430604,2893824,524.8555908,443.7799988
1699430608,2895872,523.9447021,442.8800049
1699430612,2897920,513.0018921,442.9700012
1699430634,2908160,501.8435059,440.3299866
1699430647,2914304,487.5976868,433.9899902
1699430664,2922496,457.3693542,419.480011
1699430668,2924544,433.5360718,414.480011
1699430672,2926592,426.4683228,414.6400146
1699430689,2934784,400.335083,413.1099854
1699430693,2936832,375.9958801,402.9200134
1699430707,2942976,353.469696,402.9200134
1699430724,2951168,345.2111816,391.1700134
1699430732,2955264,364.2292786,395.1499939
1699430788,2981888,477.3349304,428.3299866
1699430792,2983936,467.9336243,424.1499939
1699430831,3002368,477.003479,439.7799988
1699430835,3004416,471.4689636,435.4400024
1699430882,3026944,360.2165833,394.4899902
1699430916,3043328,372.8126831,390.1099854
1699430920,3045376,371.0635986,387.1099854
1699430933,3051520,389.6000977,391.9400024
1699430942,3055616,400.6440125,400.8999939
1699430946,3057664,406.0895386,400
1699430980,3074048,415.5074158,406.0899963
1699430984,3076096,411.4771118,404.5599976
1699430989,3078144,421.5272217,406.3599854
1699431006,3086336,437.063324,410.6400146
1699431015,3090432,438.944519,411.4200134
1699431023,3094528,431.7776794,408.4700012
1699431058,3110912,364.8296204,395.4299927
1699431079,3121152,346.1106873,388.5700073
1699431083,3123200,350.3243103,389.6400146
1699431095,3129344,385.2387085,408.519989
1699431126,3143680,415.4224243,413.8900146
1699431134,3147776,408.5721741,414.3299866
1699431177,3168256,487.9042969,438.1099854
1699431198,3178496,466.0826111,424.1400146
1699431203,3180544,468.5959473,427.5400085
1699431212,3184640,438.9983215,420.3500061
1699431216,3186688,451.9404602,418.269989
1699431241,3198976,420.3650513,411.0499878
1699431272,3213312,426.794281,412.0499878
1699431276,3215360,438.1674194,415.4899902
1699431315,3233792,453.9784546,408.6600037
1699431332,3241984,447.2466125,396.7000122
1699431340,3246080,419.474823,385.6099854
1699431357,3254272,363.1145325,374.8599854
1699431396,3272704,373.8756409,390.25
1699431404,3276800,358.5903931,393.9599915
1699431417,3282944,357.2906799,400.4299927
1699431425,3287040,393.1253052,414.3099976
1699431429,3289088,379.4599915,408.8399963
1699431451,3299328,405.3435364,413.3999939
1699431485,3315712,430.1274109,403.2799988
1699431493,3319808,448.664917,410.3699951
1699431524,3334144,390.6997681,396.1799927
1699431528,3336192,393.1329651,398.6799927
1699431546,3344384,367.289093,400.5299988
1699431568,3354624,355.3292542,401.7099915
1699431581,3360768,366.5601807,404.5499878
1699431589,3364864,395.600647,409.8500061
1699431603,3371008,403.9573975,414.6199951
1699431615,3377152,393.9520569,413.5700073
1699431632,3385344,413.5033264,414.3399963
1699431667,3401728,414.0342407,417.0799866
1699431701,3418112,363.0400391,398.3699951
1699431710,3422208,370.6296387,402.2799988
1699431718,3426304,376.2511292,405.9500122
1699431731,3432448,398.4261475,410.3299866
1699431735,3434496,392.1924133,409.3099976
1699431761,3446784,378.1395264,399.8999939
1699431765,3448832,399.2232056,401.980011
1699431799,3465216,435.8401794,416.4599915
1699431813,3471360,445.5004883,415.2200012
1699431817,3473408,453.680542,414.4200134
1699431821,3475456,476.4456177,420.3500061
1699431825,3477504,487.7570496,423.4599915
1699431834,3481600,465.5035095,411.7999878
1699431846,3487744,497.8028564,421.2999878
1699431877,3502080,498.4998169,422.1099854
1699431881,3504128,510.7209167,422.0599976
1699431902,3514368,434.2554016,398.5400085
1699431911,3518464,432.4537659,397.3399963
1699431916,3520512,439.0774231,400.6400146
1699431920,3522560,427.7182007,398.3500061
1699431958,3540992,463.3009949,398.5599976
1699431975,3549184,482.9733276,412.4400024
1699431984,3553280,466.1026306,414.3200073
1699431988,3555328,466.2782288,416.8800049
1699431997,3559424,478.1646423,421.5499878
1699432018,3569664,474.48703,424.0700073
1699432023,3571712,466.994751,423.4700012
1699432031,3575808,483.5318604,427.2999878
1699432035,3577856,476.1485291,429.9599915
1699432039,3579904,463.9063416,427.4500122
1699432053,3586048,428.4543762,421.0599976
1699432062,3590144,412.6557007,410.3399963
1699432070,3594240,438.2423706,412.3299866
1699432121,3618816,441.3674927,413.5100098
1699432160,3637248,447.4219666,426.6199951
1699432185,3649536,405.8430786,424.3900146
1699432190,3651584,401.5679626,427.519989
1699432216,3663872,439.9078674,438.6799927
1699432220,3665920,428.0686646,434.0299988
1699432224,3667968,426.769104,434.5899963
1699432258,3684352,480.5915833,436.7399902
1699432288,3698688,466.5174866,429.2200012
1699432322,3715072,493.1867676,429.6799927
1699432326,3717120,472.1613159,425.1499939
1699432339,3723264,464.9038086,422.9200134
1699432369,3737600,493.6351013,420.0499878
1699432378,3741696,498.4827576,422.8999939
1699432395,3749888,461.8276672,410.6199951
1699432438,3770368,470.1653442,413.769989
1699432442,3772416,489.3415527,418.4899902
1699432455,3778560,491.8708496,417.3200073
1699432476,3788800,479.1710815,418.4100037
1699432493,3796992,474.772583,418.4200134
1699432549,3823616,447.1354675,416.9500122
1699432557,3827712,474.8531189,422.8099976
1699432561,3829760,498.0202942,429.3500061
1699432587,3842048,502.8447266,435.4700012
1699432591,3844096,496.58255,431.0599976
1699432595,3846144,492.7627258,429.769989
1699432604,3850240,487.6106873,429.5400085
1699432613,3854336,495.3557434,430.0700073
1699432664,3878912,481.583313,435.6799927
1699432702,3897344,492.0001221,449.5
1699432719,3905536,507.0116577,446.2999878
1699432740,3915776,504.3971558,441.0700073
1699432745,3917824,502.3143005,440.1400146
1699432766,3928064,501.1435242,434.7799988
1699432771,3930112,507.7146912,432.7999878
1699432792,3940352,519.0046387,439.3099976
1699432796,3942400,528.6105957,441.5
1699432822,3954688,549.5582275,448.9100037
1699432839,3962880,551.9725952,446.9400024
1699432847,3966976,551.1219482,442.5499878
1699432856,3971072,558.5440674,445.730011
1699432882,3983360,552.5700073,433.6900024
1699432894,3989504,544.8040771,431.4100037
1699432903,3993600,580.6430664,439.230011
1699432916,3999744,600.9331055,444.4899902
1699432929,4005888,606.9164429,440.230011
1699432942,4012032,598.5870361,439.7000122
1699432950,4016128,613.1367798,447.0700073
1699432980,4030464,689.050415,465.269989
1699432989,4034560,709.4562988,473.9500122
1699433040,4059136,755.223877,475.7000122
1699433044,4061184,744.5657349,477.3099976
1699433048,4063232,736.4727173,476.4299927
1699433108,4091904,655.0930786,461.1400146
1699433126,4100096,657.90625,461.3099976
1699433142,4108288,690.9822998,464.9899902
1699433147,4110336,689.944519,462.5899963
1699433160,4116480,697.8718262,465.769989
1699433164,4118528,695.8045044,463.8099976
1699433177,4124672,720.7127075,466.6799927
1699433185,4128768,724.0018311,465.2999878
1699433194,4132864,716.8220825,469.1600037
1699433216,4143104,725.0076294,475.0499878
1699433228,4149248,732.602356,473.3599854
1699433237,4153344,718.6600342,476.7200012
1699433250,4159488,737.4732666,480.7099915
1699433262,4165632,749.5675659,485.1799927
1699433276,4171776,729.8606567,487.2799988
1699433284,4175872,731.5150146,489.3500061
1699433297,4182016,762.7741089,488.9200134
1699433309,4188160,707.7713623,471.5499878
1699433314,4190208,710.5980835,471.7799988
1699433326,4196352,678.425354,467.019989
1699433379,4220928,716.5012817,475.6499939
1699433387,4225024,717.395874,473.5299988
1699433408,4235264,747.9134521,485.0700073
1699433430,4245504,796.0278931,493.9500122
1699433434,4247552,802.8132935,494.8399963
1699433438,4249600,809.7214355,495.980011
1699433447,4253696,816.9541626,493.0400085
1699433451,4255744,818.1508789,490.730011
1699433460,4259840,828.5330811,488.4500122
1699433469,4263936,814.3144531,486.8299866
1699433482,4270080,807.5716553,481.9299927
1699433486,4272128,806.2232666,484.9200134
1699433503,4280320,784.1386108,483.0100098
1699433525,4290560,795.4157715,491.4500122
1699433533,4294656,770.9777832,486.2099915
1699433563,4308992,751.7132568,486.6499939
1699433572,4313088,750.7387085,484.7999878
1699433576,4315136,743.666626,485.3800049
1699433589,4321280,720.5913086,485.0799866
1699433598,4325376,704.0214233,484.730011
1699433615,4333568,697.3419189,477.5
1699433627,4339712,685.340271,465.5799866
1699433636,4343808,705.0533447,476.3900146
1699433645,4347904,685.4138184,469.7399902
1699433649,4349952,687.6582642,472.1799927
1699433671,4360192,699.0228882,472.4500122
1699433688,4368384,727.6419678,468.5899963
1699433692,4370432,701.1360474,461.4400024
1699433697,4372480,720.2808838,467.2600098
1699433714,4380672,720.3684692,468.0400085
1699433718,4382720,706.4401245,466.230011
1699433726,4386816,733.585144,473.7399902
1699433739,4392960,748.1955566,475.2600098
1699433743,4395008,752.2630005,475.0400085
1699433748,4397056,764.8768921,475.0400085
1699433757,4401152,780.8508301,477.230011
1699433761,4403200,789.3179932,478.3099976
1699433769,4407296,783.8783569,471.6600037
1699433791,4417536,736.8405762,459.1300049
1699433795,4419584,742.3522339,459.1300049
1699433821,4431872,794.1239624,467.6199951
1699433825,4433920,804.0550537,470.1799927
1699433829,4435968,779.9919434,465.3999939
1699433847,4444160,796.567688,465.1900024
1699433855,4448256,784.5797119,461.0100098
1699433864,4452352,804.6087036,469.1099854
1699433882,4460544,848.6986084,482.2099915
1699433925,4481024,839.7678833,480
1699433933,4485120,884.0949097,486.6900024
1699433942,4489216,889.3491821,485
1699433947,4491264,887.8594971,485
1699433963,4499456,911.4013672,488.2399902
1699433972,4503552,918.7230225,491.3900146
1699433976,4505600,914.6262207,489.0400085
1699433980,4507648,902.272644,488.9100037
1699434011,4521984,929.4334717,492.5499878
1699434029,4530176,926.3718872,486.2200012
1699434041,4536320,883.0471802,487.769989
1699434084,4556800,906.0587158,487.6199951
1699434089,4558848,899.5455933,487.6199951
1699434106,4567040,915.1394653,488.8699951
1699434115,4571136,928.9129639,492.7399902
1699434128,4577280,931.2778931,494.1600037
1699434137,4581376,934.6033936,490
1699434141,4583424,945.6192017,491.2900085
1699434150,4587520,947.3629761,488.7000122
1699434154,4589568,940.9057007,485.4200134
1699434159,4591616,947.1216431,488.8900146
1699434163,4593664,949.4301758,488.9100037
1699434171,4597760,931.8104858,484.0700073
1699434180,4601856,952.9623413,488.5799866
1699434184,4603904,939.4949951,488.8699951
1699434202,4612096,924.7286987,488.4400024
1699434206,4614144,922.4286499,488.4400024
1699434214,4618240,928.5562134,487.8500061
1699434227,4624384,947.5825806,493.1499939
1699434249,4634624,968.5241699,495
1699434300,4659200,948.9524536,484.4899902
1699434318,4667392,931.602356,485.5499878
1699434331,4673536,915.8028564,482.1000061
1699434361,4687872,917.0563354,482.3200073
1699434374,4694016,912.4118652,484.4100037
1699434400,4706304,907.0289917,487.3599854
1699434404,4708352,907.7753906,490
1699434414,4712448,916.6072998,489.6199951
1699434426,4718592,910.0384521,490.3500061
1699434439,4724736,910.3718872,490.3599854
1699434444,4726784,899.9541016,490.3599854
1699434448,4728832,903.1958008,494.0899963
1699434487,4747264,928.6401367,497.1499939
1699434491,4749312,920.8574829,495.8900146
1699434496,4751360,915.7469482,493.9500122
1699434500,4753408,934.6749268,496.5100098
1699434508,4757504,951.2466431,499.3500061
1699434517,4761600,947.6888428,500.9899902
1699434530,4767744,957.8234863,500.6199951
1699434561,4782080,965.5548096,500
1699434565,4784128,965.2487183,500
1699434570,4786176,954.9716187,497.0799866
1699434574,4788224,959.8716431,497.8800049
1699434609,4804608,935.2584839,493.2999878
1699434648,4823040,952.6624146,494.8099976
1699434669,4833280,948.7984009,494.75
1699434704,4849664,1014.147583,502.3900146
1699434709,4851712,1010.696106,501.6099854
1699434721,4857856,1000.229065,498.730011
1699434769,4880384,949.9015503,477.0599976
1699434782,4886528,944.3711548,479.4599915
1699434795,4892672,932.4546509,478.8599854
1699434799,4894720,930.6795044,478.769989
1699434804,4896768,935.9122314,478.769989
1699434813,4900864,953.6014404,481.1400146
1699434847,4917248,960.0804443,488.7200012
1699434856,4921344,963.1289673,488.0299988
1699434865,4925440,972.9026489,490.8999939
1699434873,4929536,962.7486572,489.519989
1699434917,4950016,958.5553589,486.1700134
1699434951,4966400,989.1308594,491.5799866
1699434955,4968448,1004.095032,495.4400024
1699434977,4978688,1000.134583,493.6000061
1699435004,4990976,1044.422974,500
1699435038,5007360,1030.988281,500.1199951
1699435064,5019648,1048.907715,500
1699435069,5021696,1057.402344,500
1699435073,5023744,1061.997803,500
1699435077,5025792,1059.839233,499.9599915
1699435085,5029888,1071.951782,501.2600098
1699435108,5040128,1060.016357,498.6900024
1699435173,5070848,1047.483398,500
1699435190,5079040,1032.164063,494.3200073
1699435199,5083136,1026.152588,495
1699435216,5091328,1007.237976,495
1699435220,5093376,1009.834229,495
1699435229,5097472,1002.15448,494.1099854
1699435250,5107712,1006.273193,494.769989
1699435264,5113856,1006.155457,495
1699435272,5117952,1000.538635,492.5100098
1699435285,5124096,1035.758545,501.2999878
1699435289,5126144,1032.46875,501.2999878
1699435293,5128192,1026.915161,500.1900024
1699435337,5148672,1063.956909,500.8900146
1699435342,5150720,1073.033081,500
1699435350,5154816,1064.060669,496.4599915
1699435354,5156864,1074.477905,496.6900024
1699435358,5158912,1080.227295,496.6900024
1699435363,5160960,1094.261963,500
1699435380,5169152,1099.343262,499.6900024
1699435389,5173248,1095.556152,500
1699435402,5179392,1104.188965,497.7000122
1699435411,5183488,1112.668823,500.0799866
1699435419,5187584,1103.707275,500.0799866
1699435429,5191680,1104.286499,500
1699435468,5210112,1075.801392,495
1699435485,5218304,1085.986206,497.7999878
1699435494,5222400,1087.713501,495
1699435502,5226496,1074.324707,495
1699435511,5230592,1064.761597,495
1699435524,5236736,1053.754517,490.6600037
1699435537,5242880,1060.530396,490
1699435563,5255168,1071.100586,494.8999939
1699435568,5257216,1058.086182,493.769989
1699435585,5265408,1068.954956,495
1699435598,5271552,1062.610107,495
1699435611,5277696,1062.159058,495
1699435620,5281792,1079.457031,495
1699435642,5292032,1103.590942,500
1699435659,5300224,1099.13916,500.2099915
1699435672,5306368,1125.423584,501.230011
1699435676,5308416,1123.828857,501.230011
1699435681,5310464,1124.905029,501.230011
1699435685,5312512,1125.458374,500
1699435698,5318656,1125.13623,500
1699435715,5326848,1129.331055,500
1699435741,5339136,1138.761597,500
1699435746,5341184,1134.57959,500
1699435759,5347328,1136.94519,500.75
1699435794,5363712,1139.441895,500
1699435798,5365760,1135.046631,500
1699435816,5373952,1133.530396,500
1699435824,5378048,1132.965088,500
1699435829,5380096,1133.399658,500
1699435842,5386240,1140.709839,500
1699435846,5388288,1123.077148,499.019989
1699435855,5392384,1135.64624,500
1699435868,5398528,1128.933228,501.7900085
1699435873,5400576,1126.641724,500
1699435881,5404672,1136.407227,500
1699435907,5416960,1128.938721,500
1699435920,5423104,1135.981323,500
1699435933,5429248,1127.5896,499.0499878
1699435938,5431296,1130.309326,500
1699435955,5439488,1148.876343,500.980011
1699435981,5451776,1156.172485,500
1699436037,5478400,1164.963501,500.9500122
1699436958,5486592,1154.00647,499.1700134
1699453917,5490688,1161.641724,500
1699453940,5500928,1169.100464,500
1699453961,5511168,1174.622803,500
1699453977,5519360,1162.347534,498.8599854
1699454001,5529600,1129.435791,495.2000122
1699454019,5537792,1137.602783,500.4400024
1699454036,5545984,1113.56665,500
1699454049,5552128,1118.567505,500
1699454116,5582848,1158.338745,500
1699454159,5603328,1176.142822,499
1699454163,5605376,1180.497314,499
1699454167,5607424,1173.426025,499
1699454179,5613568,1163.661865,500
1699454184,5615616,1171.1521,500
1699454214,5625856,1181.533447,501.3099976
1699454306,5638144,1193.796753,501.2200012
1699454321,5640192,1182.224731,500.6300049
1699454338,5642240,1187.427612,500
1699454357,5644288,1185.225586,500
1699454375,5646336,1186.977173,500
1699454393,5648384,1184.027222,500
1699454414,5650432,1182.093384,500
1699454558,5666816,1204.979858,500
1699454968,5713920,1172.401978,500
1699454973,5715968,1171.66272,500
1699454976,5718016,1159.636597,500
1699455007,5732352,1136.485352,495.5299988
1699455054,5754880,1135.793335,495
1699455058,5756928,1135.072998,495
1699455062,5758976,1136.415527,495
1699455080,5767168,1124.033203,488.3200073
1699455114,5783552,1140.33667,494.4700012
1699455118,5785600,1149.318237,497.9700012
1699455131,5791744,1122.12207,488.4500122
1699455139,5795840,1116.586792,488.4500122
1699455143,5797888,1123.727905,488.4500122
1699455153,5801984,1139.11438,490
1699455220,5830656,1150.958618,495
1699455261,5836800,1157.381104,495
1699455288,5840896,1165.951904,498.4400024
1699455357,5851136,1171.902466,500
1699455394,5857280,1184.299683,500
1699455435,5863424,1185.517212,500
1699455556,5881856,1204.545898,500
1699455567,5883904,1195.025024,496.4500122
1699455629,5896192,1177.168701,494.3099976
1699455638,5900288,1178.900513,494.3099976
1699455642,5902336,1174.720825,495
1699455667,5914624,1162.253052,495
1699455680,5920768,1156.353271,495
1699455684,5922816,1159.521606,495
1699455705,5933056,1160.491211,495
1699455713,5937152,1179.942017,501.769989
1699455721,5941248,1173.507446,496.6199951
1699455735,5947392,1183.148315,497.3099976
1699455739,5949440,1181.287842,497.3099976
1699455774,5965824,1207.638428,500
1699455795,5976064,1184.217407,498.3099976
1699455805,5980160,1186.356445,498.3099976
1699455810,5982208,1188.55127,500
1699455814,5984256,1189.070313,500
1699455832,5992448,1173.66394,500.0100098
1699455864,6006784,1185.891724,500
1699455883,6014976,1184.141968,500
1699455895,6021120,1192.398682,500
1699455908,6027264,1200.939697,501.6900024
1699455942,6043648,1227.900757,503.3699951
1699455963,6053888,1221.473267,500
1699456018,6078464,1218.760376,500
1699456043,6088704,1221.116943,500
1699456052,6092800,1225.846313,500
1699456056,6094848,1227.57605,500
1699456069,6100992,1230.395386,500
1699456110,6121472,1230.615356,500
1699456134,6133760,1227.681519,500
1699456151,6141952,1212.788208,500
1699456172,6152192,1214.423706,500
1699456181,6156288,1209.968384,500
1699456191,6160384,1213.785767,500
1699456200,6164480,1215.04187,500
1699456208,6168576,1222.956177,500
1699456221,6174720,1209.558228,496.7200012
1699456226,6176768,1208.800659,496.7200012
1699456230,6178816,1209.320923,496.7200012
1699456244,6184960,1177.752075,492.5599976
1699456248,6187008,1194.837646,496.1799927
1699456252,6189056,1198.031982,496.1799927
1699456270,6197248,1190.366699,495
1699456278,6201344,1179.691895,495
1699456290,6207488,1157.410522,489.6300049
1699456294,6209536,1156.991455,489.6300049
1699456302,6213632,1158.564331,490
1699456306,6215680,1162.294922,490
1699456323,6223872,1190.375366,495.2399902
1699456331,6227968,1190.99646,495.2399902
1699456335,6230016,1193.247803,495
1699456339,6232064,1190.954956,495
1699456356,6240256,1202.378906,495
1699456364,6244352,1204.093628,495
1699456372,6248448,1208.91272,495
1699456385,6254592,1216.790649,495
1699456422,6273024,1235.057007,500
1699456434,6279168,1241.154297,500
1699456443,6283264,1247.203125,500
1699456451,6287360,1241.946289,500
1699456460,6291456,1247.313477,500
1699456468,6295552,1247.4198,500
1699456505,6313984,1249.498291,500
1699456522,6322176,1258.420898,500
1699456530,6326272,1257.611938,500
1699456543,6332416,1249.45813,500
1699456576,6348800,1242.812622,500
1699456592,6356992,1242.407349,500
1699456609,6365184,1248.241211,500
1699456633,6377472,1243.227905,500
1699456646,6383616,1250.059326,500
1699456662,6391808,1255.369995,500
1699456670,6395904,1254.299316,500
1699456686,6404096,1261.728271,500
1699456690,6406144,1262.270752,500
1699456719,6420480,1256.455811,500
1699456732,6426624,1257.911987,500
1699456736,6428672,1261.373657,500
1699456759,6438912,1257.37439,500
1699456772,6440960,1257.765991,500
1699456776,6443008,1258.582275,500
1699456784,6447104,1261.132324,500
1699456798,6453248,1260.146973,500
1699456818,6463488,1255.012573,500
1699456831,6469632,1257.92981,500
1699456836,6471680,1260.403442,500
1699456845,6475776,1256.796631,500
1699456873,6488064,1249.661377,500
1699456916,6508544,1252.349976,500
1699456945,6522880,1257.68811,500
1699456956,6529024,1264.682739,500
1699456961,6531072,1260.495361,500
1699456989,6545408,1258.492432,500
1699456993,6547456,1257.558228,500
1699456997,6549504,1257.479126,500
1699457001,6551552,1256.96521,500
1699457022,6561792,1263.337891,500
1699457035,6567936,1256.15564,499.0700073
1699457138,6615040,1258.243774,500
1699457142,6617088,1268.013306,500.9299927
1699457156,6623232,1266.112793,500
1699457165,6627328,1255.723022,496.1700134
1699457186,6637568,1265.765991,500
1699457198,6643712,1270.312744,500
1699457202,6645760,1271.311768,500
1699457210,6649856,1249.915405,493.25
1699457215,6651904,1267.878662,498.2200012
1699457243,6666240,1254.851074,495
1699457252,6670336,1238.783325,492.0799866
1699457259,6674432,1241.420898,495
1699457292,6690816,1231.303711,495
1699457296,6692864,1230.993896,495
1699457317,6703104,1256.485718,500
1699457321,6705152,1254.594482,500
1699457348,6717440,1254.045776,500
1699457357,6721536,1261.282715,500
1699457365,6725632,1270.116089,500
1699457373,6729728,1245.351074,493.4400024
1699457391,6737920,1263.731812,495
1699457403,6744064,1264.091553,495
1699457419,6752256,1261.330078,495
1699457446,6764544,1250.385254,493.4700012
1699457458,6770688,1244.427856,495
1699457462,6772736,1243.750977,495
1699457467,6774784,1242.836914,495
1699457492,6787072,1254.603271,500
1699457526,6803456,1260.259888,501.7999878
1699457542,6811648,1262.094971,501.5299988
1699457550,6815744,1256.665283,501.5299988
1699457555,6817792,1264.994019,501.769989
1699457559,6819840,1263.698242,501.769989
1699457598,6828032,1259.598755,500
1699457619,6838272,1259.282959,500
1699457649,6852608,1260.602417,500
1699457666,6860800,1262.952759,500
1699457683,6868992,1260.491821,500
1699457688,6871040,1257.862793,500
1699457700,6877184,1257.879761,500
1699457717,6885376,1261.400146,498.3500061
1699457726,6889472,1267.264038,498.3500061
1699457752,6901760,1274.934082,500
1699457765,6907904,1277.490723,500
1699457774,6912000,1278.621094,500
1699457782,6916096,1283.251343,500
1699457791,6920192,1291.524414,500
1699457803,6926336,1294.024414,500
1699457812,6930432,1292.458862,500
1699457824,6936576,1288.997559,498.0799866
1699457841,6944768,1291.618286,500
1699457849,6948864,1294.850708,500
1699457874,6961152,1294.379272,500
1699457894,6971392,1294.017944,500
1699457898,6973440,1296.202271,500
1699457915,6981632,1311.424561,503.5700073
1699457945,6995968,1302.429688,500
1699457981,7012352,1299.738525,500
1699457994,7018496,1298.802856,500
1699458008,7024640,1297.533325,500
1699458013,7026688,1298.549683,500
1699458026,7032832,1298.391357,500
1699458050,7043072,1297.151855,500
1699458076,7055360,1305.579468,502.9100037
1699458080,7057408,1305.038696,502.9100037
1699458100,7065600,1298.297119,500
1699458119,7069696,1295.761841,500
1699458145,7081984,1296.093628,500
1699458149,7084032,1296.551758,500
1699458157,7088128,1300.988281,500
1699458174,7096320,1300.269409,500
1699458204,7110656,1304.874878,500
1699458230,7122944,1311.112549,500
1699458243,7129088,1309.284546,500
1699458270,7141376,1307.675781,500
1699458304,7157760,1311.033325,500
1699458318,7163904,1294.058228,496.980011
1699458329,7168000,1292.444702,496.980011
1699458334,7170048,1286.990234,496.980011
1699458357,7180288,1295.096558,500
1699458361,7182336,1295.06311,500
1699458365,7184384,1297.01062,500
1699458373,7188480,1295.494385,500
1699458382,7192576,1295.836548,500
1699458386,7194624,1296.42981,500
1699458394,7198720,1298.992065,500
1699458415,7208960,1299.369019,500
1699458455,7229440,1306.980469,500
1699458460,7231488,1307.572388,500
1699458480,7241728,1308.439819,500
1699458488,7245824,1309.204468,500
1699458492,7247872,1308.590576,500
1699458508,7256064,1302.825684,500
1699458513,7258112,1299.918091,500
1699458536,7266304,1299.956665,500
1699458563,7270400,1310.71814,500
1699458642,7282688,1276.987427,491.5
1699458655,7284736,1263.407715,487.8399963
1699458696,7290880,1254.131958,485
1699458742,7299072,1232.429077,479.3999939
1699458764,7309312,1228.776367,477
